policy	candidate	theorem_gain	candidate_class	statement_class	kind	module	examples
strict_zero	eq_true	1647	1	0	theorem	Init.SimpLemmas	AbsoluteValue.IsEquiv.le_one_iff;AbsoluteValue.IsEquiv.lt_one_iff;AbsoluteValue.IsEquiv.one_le_iff;AbsoluteValue.IsEquiv.one_lt_iff;AbsoluteValue.listSum_le
strict_zero	eq_self	1461	1	0	theorem	Init.SimpLemmas	AbsoluteValue.IsEquiv.le_one_iff;AbsoluteValue.IsEquiv.lt_one_iff;AbsoluteValue.IsEquiv.one_le_iff;AbsoluteValue.IsEquiv.one_lt_iff;AbsoluteValue.map_one
strict_zero	funext	1435	2	0	theorem	Init.Core	AList.lookup.congr_simp;AbsoluteValue.ext;AbsoluteValue.ext_iff;Action.Hom.comm_assoc;AddActionHom.comp_assoc
strict_zero	Eq.propIntro	905	1	0	theorem	Init.Core	AList.mk.injEq;AbsoluteValue.mk.injEq;Action.Hom.mk.injEq;Action.mk.injEq;AddActionHom.mk.injEq
strict_zero	Classical.propDecidable	366	7	0	definition	Init.Classical	AddMonoid.not_isTorsion_iff;Affine.Simplex.instNonemptyElemComplSetSingletonOfNontrivial;Bound.le_self_pow_of_pos;Bound.pow_le_pow_right_of_le_one_or_one_le;CategoryTheory.ObjectProperty.pair_iff
strict_zero	Set.ext	308	3	0	theorem	Mathlib.Data.Set.Defs	AddAction.fixed_eq_iInter_fixedBy;AddSubmonoid.ext;AddSubmonoid.ext_iff;AddSubmonoid.map_id;AddSubsemigroup.ext
strict_zero	forall_congr	286	2	0	theorem	Init.SimpLemmas	Action.Hom.comm_assoc;Bimod.Hom.left_act_hom_assoc;Bimod.Hom.right_act_hom_assoc;Bimod.actRight_one_assoc;Bimod.left_assoc_assoc
strict_zero	Function.LeftInverse.eq_rightInverse	284	2	0	theorem	Mathlib.Logic.Function.Basic	AddChar.map_nsmul_eq_pow;AddChar.map_zsmul_eq_zpow;AddEquiv.isAddCyclic;AddOpposite.exists;AddOpposite.forall
strict_zero	EquivLike.toFunLike	282	2	0	definition	Mathlib.Data.FunLike.Equiv	AddChar.map_nsmul_eq_pow;AddChar.map_zsmul_eq_zpow;AddEquiv.isAddCyclic;AddOpposite.exists;AddOpposite.forall
strict_zero	EquivLike.toFunLike._proof_1	282	2	0	theorem	Mathlib.Data.FunLike.Equiv	AddChar.map_nsmul_eq_pow;AddChar.map_zsmul_eq_zpow;AddEquiv.isAddCyclic;AddOpposite.exists;AddOpposite.forall
strict_zero	DFunLike.ext	243	2	0	theorem	Mathlib.Data.FunLike.Basic	AbsoluteValue.ext;AbsoluteValue.ext_iff;AddActionHom.comp_assoc;AddActionHom.ext;AddActionHom.ext_iff
strict_zero	Set.instCompleteAtomicBooleanAlgebra	198	7	0	definition	Mathlib.Data.Set.BooleanAlgebra	AddAction.IsFixedBlock.isInvariantBlock;AddGroup.addConjugatesOfSet_mono;BddAbove.of_closure;BddBelow.of_closure;CantorScheme.ClosureAntitone.antitone
strict_zero	lt_or_eq_of_le	137	7	0	theorem	Mathlib.Order.Defs.PartialOrder	Bound.le_self_pow_of_pos;Bound.pow_le_pow_right_of_le_one_or_one_le;Concept.isLowerSet_extent_lt;Concept.isUpperSet_intent_lt;ConvexCone.convex
strict_zero	eq_or_lt_of_le	123	7	0	theorem	Mathlib.Order.Basic	Bound.le_self_pow_of_pos;Bound.pow_le_pow_right_of_le_one_or_one_le;Concept.isLowerSet_extent_lt;Concept.isUpperSet_intent_lt;ConvexCone.convex
strict_zero	LE.le.eq_or_lt	117	7	0	theorem	Mathlib.Order.Basic	Bound.le_self_pow_of_pos;Bound.pow_le_pow_right_of_le_one_or_one_le;Concept.isLowerSet_extent_lt;Concept.isUpperSet_intent_lt;ConvexCone.convex
strict_zero	Set.instDistribLattice	92	3	0	definition	Mathlib.Data.Set.Basic	AddAction.fixedBy_zero_eq_univ;AddAction.orbit_eq_univ;Class.eq_univ_iff_forall;Class.eq_univ_of_forall;ConnectedComponents.range_coe
strict_zero	Classical.indefiniteDescription	90	4	0	definition	Init.Classical	AffineSubspace.SOppSide.nonempty;AffineSubspace.SSameSide.nonempty;AffineSubspace.WOppSide.nonempty;AffineSubspace.WSameSide.nonempty;CategoryTheory.Functor.preservesZeroMorphisms_of_full
strict_zero	Set.univ_subset_iff	71	3	0	theorem	Mathlib.Data.Set.Basic	AddAction.fixedBy_zero_eq_univ;AddAction.orbit_eq_univ;Class.eq_univ_iff_forall;Class.eq_univ_of_forall;ConnectedComponents.range_coe
strict_zero	Set.eq_univ_iff_forall	65	3	0	theorem	Mathlib.Data.Set.Basic	AddAction.fixedBy_zero_eq_univ;AddAction.orbit_eq_univ;Class.eq_univ_iff_forall;Class.eq_univ_of_forall;ConnectedComponents.range_coe
strict_zero	Set.forall_mem_image	64	3	0	theorem	Mathlib.Data.Set.Image	BddAbove.smul_of_nonneg;Filter.mem_map_iff_exists_image;Monotone.csSup_image_le;Monotone.csSup_image_le_map_csSup;Monotone.image_upperBounds_subset_upperBounds_image
strict_zero	SetLike.ext	51	3	0	theorem	Mathlib.Data.SetLike.Basic	AddSubmonoid.ext;AddSubmonoid.ext_iff;AddSubmonoid.map_id;AddSubsemigroup.ext;AddSubsemigroup.ext_iff
strict_zero	Set.forall_mem_image2	49	7	0	theorem	Mathlib.Data.Set.NAry	AddSubmonoid.add_subset;BddAbove.add;BddAbove.bddAbove_image2_of_bddBelow;BddAbove.image2;BddAbove.mul
strict_zero	_private.Mathlib.Data.Set.NAry.0.Set.forall_mem_image2._proof_1_1	49	7	0	theorem	Mathlib.Data.Set.NAry	AddSubmonoid.add_subset;BddAbove.add;BddAbove.bddAbove_image2_of_bddBelow;BddAbove.image2;BddAbove.mul
strict_zero	Set.forall_mem_range	46	3	0	theorem	Mathlib.Data.Set.Image	AddAction.mapsTo_vadd_orbit;AddAction.orbit_vadd_subset;Function.LeftInverse.rightInvOn_range;IsRelLowerSet.iInter;IsRelLowerSet.iInter₂
strict_zero	neg_sub	45	1	0	theorem	Mathlib.Algebra.Group.Basic	AbsoluteValue.map_sub_eq_zero_iff;AddAction.Regular.isPretransitive;AddAction.Regular.isPretransitive_addOpposite;AddAction.isPretransitive_iff_base;AddGroup.addLeftReflectLE_of_addLeftMono
strict_zero	Nat.rel_of_forall_rel_succ_of_le_of_le	43	7	0	theorem	Mathlib.Order.Monotone.Basic	Bound.le_self_pow_of_pos;Bound.pow_le_pow_right_of_le_one_or_one_le;Mathlib.Meta.NormNum.isNat_le_true;Mathlib.Meta.NormNum.isNat_lt_false;Mathlib.Meta.Positivity.nonneg_of_isNat
strict_zero	SubtractionMonoid.toSubNegZeroMonoid	43	1	0	definition	Mathlib.Algebra.Group.Basic	AbsoluteValue.map_sub_eq_zero_iff;AddAction.Regular.isPretransitive;AddAction.Regular.isPretransitive_addOpposite;AddAction.isPretransitive_iff_base;AddGroup.addLeftReflectLE_of_addLeftMono
strict_zero	SubtractionMonoid.toSubNegZeroMonoid._proof_1	43	1	0	theorem	Mathlib.Algebra.Group.Basic	AbsoluteValue.map_sub_eq_zero_iff;AddAction.Regular.isPretransitive;AddAction.Regular.isPretransitive_addOpposite;AddAction.isPretransitive_iff_base;AddGroup.addLeftReflectLE_of_addLeftMono
strict_zero	Classical.em	41	7	0	theorem	Init.Classical	Acc.induction_bot;Acc.induction_bot';Flag.le_or_le;IsChain.directedOn;IsChain.lt_of_not_ge
strict_zero	Option.some.injEq	41	1	0	theorem	Init.Core	Computability.Encoding.encode_injective;ENat.coe_inj;ENat.natCast_inj;Interval.coe_inj;Interval.coe_injective
strict_zero	Option.some_inj	41	1	0	theorem	Init.Data.Option.Instances	Computability.Encoding.encode_injective;ENat.coe_inj;ENat.natCast_inj;Interval.coe_inj;Interval.coe_injective
strict_zero	Pi.instSubsingleton	41	2	0	theorem	Init.Core	AList.lookup.congr_simp;CStarMatrix.instSubsingleton;ChainComplex.of.d.congr_simp;CochainComplex.of.d.congr_simp;ContinuousMap.instSubsingleton
strict_zero	covariant_flip_iff	41	3	0	theorem	Mathlib.Algebra.Order.Monoid.Unbundled.Defs	Antivary.add_left;Antivary.mul_left;AntivaryOn.add_left;AntivaryOn.mul_left;CanonicallyOrderedAdd.toIsOrderedMonoid
strict_zero	Nat.rel_of_forall_rel_succ_of_le	40	7	0	theorem	Mathlib.Order.Monotone.Basic	Bound.le_self_pow_of_pos;Bound.pow_le_pow_right_of_le_one_or_one_le;Mathlib.Meta.NormNum.isNat_le_true;Mathlib.Meta.NormNum.isNat_lt_false;Mathlib.Meta.Positivity.nonneg_of_isNat
strict_zero	inv_div	39	1	0	theorem	Mathlib.Algebra.Group.Basic	ClosedSubgroup.ext;ClosedSubgroup.ext_iff;Group.covariant_iff_contravariant;Group.covariant_swap_iff_contravariant_swap;Group.covconv
strict_zero	monotone_nat_of_le_succ	39	7	0	theorem	Mathlib.Order.Monotone.Basic	Bound.le_self_pow_of_pos;Bound.pow_le_pow_right_of_le_one_or_one_le;Mathlib.Meta.NormNum.isNat_le_true;Mathlib.Meta.NormNum.isNat_lt_false;Mathlib.Meta.Positivity.nonneg_of_isNat
strict_zero	Set.Subset.antisymm	38	3	0	theorem	Mathlib.Data.Set.Basic	BddAbove.union;BddBelow.union;Bundle.TotalSpace.range_mk;Filter.generate_singleton;Filter.image_mem_map_iff
strict_zero	DivisionMonoid.toDivInvOneMonoid	37	1	0	definition	Mathlib.Algebra.Group.Basic	ClosedSubgroup.ext;ClosedSubgroup.ext_iff;Group.covariant_iff_contravariant;Group.covariant_swap_iff_contravariant_swap;Group.covconv
strict_zero	DivisionMonoid.toDivInvOneMonoid._proof_1	37	1	0	theorem	Mathlib.Algebra.Group.Basic	ClosedSubgroup.ext;ClosedSubgroup.ext_iff;Group.covariant_iff_contravariant;Group.covariant_swap_iff_contravariant_swap;Group.covconv
strict_zero	Set.image_subset_iff	33	3	0	theorem	Mathlib.Data.Set.Image	Filter.mem_map_iff_exists_image;Set.MapsTo.image_subset;Set.MapsTo.nonempty;Set.eval_image_pi_subset;Set.eval_image_univ_pi_subset
strict_zero	tsub_le_iff_left	33	1	0	theorem	Mathlib.Algebra.Order.Sub.Defs	AddLECancellable.add_tsub_cancel_left;AddLECancellable.add_tsub_cancel_right;AddLECancellable.eq_tsub_of_add_eq;AddLECancellable.eq_tsub_of_add_eq';AddLECancellable.le_add_tsub
strict_zero	Equiv.trans	32	2	0	definition	Mathlib.Logic.Equiv.Defs	CategoryTheory.instFiniteArrowDiscrete;CategoryTheory.locallySmall_max;Equiv.finite_iff;Equiv.infinite_iff;Finite.of_equiv
strict_zero	by_contradiction	31	7	0	theorem	Mathlib.Logic.Basic	IsAntichain.antisymm;IsAntichain.eq;IsAntichain.eq';IsAntichain.maximal_mem_iff;IsAntichain.maximal_mem_lowerClosure_iff_mem
strict_zero	GaloisConnection._proof_3	30	3	0	theorem	Mathlib.Order.GaloisConnection.Defs	GaloisCoinsertion.l_injective;GaloisCoinsertion.leftInverse_u_l;GaloisCoinsertion.u_l_eq;GaloisCoinsertion.u_l_leftInverse;GaloisCoinsertion.u_surjective
strict_zero	GaloisConnection._to_dual_cast_4	30	3	0	theorem	Mathlib.Order.GaloisConnection.Defs	GaloisCoinsertion.l_injective;GaloisCoinsertion.leftInverse_u_l;GaloisCoinsertion.u_l_eq;GaloisCoinsertion.u_l_leftInverse;GaloisCoinsertion.u_surjective
strict_zero	Set.Subset.antisymm_iff	30	3	0	theorem	Mathlib.Data.Set.Basic	CovBy.Ioo_eq;NoBotOrder.lowerBounds_univ;NoTopOrder.upperBounds_univ;Set.Icc_eq_empty;Set.Icc_eq_empty_of_lt
strict_zero	Set.eq_univ_of_forall	30	3	0	theorem	Mathlib.Data.Set.Basic	Class.eq_univ_of_forall;Function.mulSupport_eq_univ;Function.support_eq_univ;IsBot.Ici_eq;IsLowerSet.top_mem
strict_zero	by_contra	30	7	0	theorem	Mathlib.Logic.Basic	IsAntichain.antisymm;IsAntichain.eq;IsAntichain.eq';IsAntichain.maximal_mem_iff;IsAntichain.maximal_mem_lowerClosure_iff_mem
strict_zero	covariant_swap_add_of_covariant_add	28	3	0	theorem	Mathlib.Algebra.Order.Monoid.Unbundled.Defs	Antivary.add_left;AntivaryOn.add_left;ConvexOn.convex_le;ConvexOn.quasiconvexOn;Function.Injective.isOrderedAddMonoid
strict_zero	le_add_tsub	28	1	0	theorem	Mathlib.Algebra.Order.Sub.Defs	AddLECancellable.add_tsub_cancel_left;AddLECancellable.add_tsub_cancel_right;AddLECancellable.eq_tsub_of_add_eq;AddLECancellable.eq_tsub_of_add_eq';AddLECancellable.le_add_tsub
strict_zero	Classical.not_not	27	7	0	theorem	Init.Classical	Finite.not_infinite;Finite.of_not_infinite;Function.notMem_mulSupport;Function.notMem_support;Iff.ne_left
strict_zero	Set.subset_empty_iff	27	3	0	theorem	Mathlib.Data.Set.Basic	CovBy.Ioo_eq;NoBotOrder.lowerBounds_univ;NoTopOrder.upperBounds_univ;Set.Icc_eq_empty;Set.Icc_eq_empty_of_lt
strict_zero	GaloisConnection.le_u	26	3	0	theorem	Mathlib.Order.GaloisConnection.Defs	GaloisCoinsertion.l_injective;GaloisCoinsertion.leftInverse_u_l;GaloisCoinsertion.u_l_eq;GaloisCoinsertion.u_l_leftInverse;GaloisCoinsertion.u_surjective
strict_zero	funext_iff	26	2	0	theorem	Init.Ext	AddMonoidHom.mulLeft_eq_mulRight_iff_forall_commute;AddMonoidHom.mulRight_eq_mulLeft_iff_forall_commute;DFunLike.ext_iff;Function.Commute.invOn_fixedPoints_comp;Function.Commute.left_bijOn_fixedPoints_comp
strict_zero	sdiff_le_iff'	26	1	0	theorem	Mathlib.Order.Heyting.Basic	BiheytingHomClass.toHeytingHomClass;CoheytingHomClass.toBoundedLatticeHomClass;Disjoint.disjoint_sdiff_left;Disjoint.disjoint_sdiff_right;LE.le.codisjoint_hnot_left
strict_zero	Classical.ofNonempty	25	4	0	definition	Init.Prelude	Classical.nonempty_pi;Interval.instNontrivialOfNonempty;IsAddLeftRegular.sumMk;IsAddRightRegular.sumMk;IsCofinal.nonempty
strict_zero	Units.coe_dvd	25	1	0	theorem	Mathlib.Algebra.Divisibility.Units	Irreducible.associated_of_dvd;Irreducible.dvd_iff;Irreducible.dvd_irreducible_iff_associated;Irreducible.not_dvd_isUnit;Irreducible.not_dvd_one
strict_zero	or_self	25	1	0	theorem	Init.SimpLemmas	Set.left_mem_cIcc;Set.right_mem_cIcc;Std.Total.directed;Std.Total.directedOn;Std.Total.to_isDirected
strict_zero	IsUnit.dvd	24	1	0	theorem	Mathlib.Algebra.Divisibility.Units	Irreducible.associated_of_dvd;Irreducible.dvd_iff;Irreducible.dvd_irreducible_iff_associated;Irreducible.not_dvd_isUnit;Irreducible.not_dvd_one
strict_zero	Stream'.corec_eq	24	2	0	theorem	Mathlib.Data.Stream.Init	Stream'.cons_get_inits_core;Stream'.corec'_eq;Stream'.corec_eq;Stream'.cycle_eq;Stream'.even_cons_cons
strict_zero	em	23	7	0	theorem	Mathlib.Logic.Basic	Acc.induction_bot;Acc.induction_bot';Flag.le_or_le;IsChain.directedOn;IsChain.lt_of_not_ge
strict_zero	Classical.or_iff_not_imp_left	22	7	0	theorem	Init.Classical	CategoryTheory.ObjectProperty.pair_iff;DyckStep.dichotomy;FirstOrder.Language.BoundedFormula.realize_sup;IsIdempotentElem.iff_eq_zero_or_one;IsLeftCancelMulZero.to_noZeroDivisors
strict_zero	Lean.Elab.Tactic.nonempty_to_inhabited	22	4	0	definition	Mathlib.Tactic.Inhabit	Interval.instNontrivialOfNonempty;IsAddLeftRegular.sumMk;IsAddRightRegular.sumMk;IsCofinal.nonempty;IsLeftRegular.prodMk
strict_zero	covariant_le_of_covariant_lt	22	7	0	theorem	Mathlib.Algebra.Order.Monoid.Unbundled.Defs	Set.Icc_add_Ico_subset;Set.Icc_mul_Ico_subset';Set.Ici_add_Ioi_subset;Set.Ici_mul_Ioi_subset';Set.Ico_add_Icc_subset
strict_zero	lt_or_eq_of_le'	22	7	0	theorem	Mathlib.Order.Defs.PartialOrder	DirectedOn.csInf_eq_of_forall_ge_of_forall_gt_exists_lt;HasSubset.Subset.eq_of_not_ssuperset;LE.le.eq_of_not_lt';LE.le.eq_of_not_ssubset';LE.le.eq_of_not_ssuperset
strict_zero	Computation.mem_unique	21	1	0	theorem	Mathlib.Data.Seq.Computation	Computation.Mem.left_unique;Computation.Results.val_unique;Computation.eq_of_pure_mem;Computation.equiv_of_mem;Computation.equiv_pure_of_mem
strict_zero	Filter.EventuallyEq.prodMk	21	1	0	theorem	Mathlib.Order.Filter.Basic	Filter.EventuallyEq.add;Filter.EventuallyEq.add_left;Filter.EventuallyEq.add_right;Filter.EventuallyEq.comp₂;Filter.EventuallyEq.diff
strict_zero	Nat.add_left_cancel	21	1	0	theorem	Init.Data.Nat.Basic	FirstOrder.Language.order.forall_relations;Function.IsPeriodicPt.right_of_add;List.Vector.get_cons_nil;List.Vector.singleton_tail;List.length_eq_four
strict_zero	covariantClass_le_of_lt	21	7	0	theorem	Mathlib.Algebra.Order.Monoid.Unbundled.Defs	Set.Icc_add_Ico_subset;Set.Icc_mul_Ico_subset';Set.Ici_add_Ioi_subset;Set.Ici_mul_Ioi_subset';Set.Ico_add_Icc_subset
strict_zero	or_self_iff	21	1	0	theorem	Init.PropLemmas	Set.left_mem_cIcc;Set.right_mem_cIcc;ValuativeRel.instReflVeq;ValuativeRel.instReflVle;ValuativeRel.veq.refl
strict_zero	Filter.EventuallyEq.comp₂	20	1	0	theorem	Mathlib.Order.Filter.Basic	Filter.EventuallyEq.add;Filter.EventuallyEq.add_left;Filter.EventuallyEq.add_right;Filter.EventuallyEq.comp₂;Filter.EventuallyEq.diff
strict_zero	FunLike.coe_smul	20	3	0	theorem	Mathlib.Data.FunLike.IsApply	AddGroupSeminorm.coe_smul;ContDiffMapSupportedIn.coe_smul;ContinuousLinearMap.coe_smul';CuspForm.IsGLPos.coe_smul;CuspForm.coe_smul
strict_zero	Function.Semiconj.comp_right	20	1	0	theorem	Mathlib.Logic.Function.Conjugate	Function.Commute.comp_right;Function.Commute.iterate_iterate;Function.Commute.iterate_iterate_self;Function.Commute.iterate_left;Function.Commute.iterate_right
strict_zero	Quotient.eq	20	3	0	theorem	Mathlib.Data.Quot	AddCon.eq;Con.eq;ConnectedComponents.coe_eq_coe;ConnectedComponents.coe_ne_coe;DirectLimit.mk_injective
strict_zero	Set.pairwise_insert_of_symm	20	7	0	theorem	Mathlib.Data.Set.Pairwise.Basic	Flag.bot_mem;Flag.top_mem;IsAntichain.insert_of_symm;IsAntichain.insert_of_symmetric;IsChain.insert
strict_zero	Set.range_comp	20	3	0	theorem	Mathlib.Data.Set.Image	LeftOrdContinuous.map_ciSup;LeftOrdContinuous.map_iSup;Prod.fst_iInf;Prod.fst_iSup;Prod.iInf_mk
strict_zero	eq_or_lt_of_le'	20	7	0	theorem	Mathlib.Order.Basic	DirectedOn.csInf_eq_of_forall_ge_of_forall_gt_exists_lt;HasSubset.Subset.eq_of_not_ssuperset;LE.le.eq_of_not_lt';LE.le.eq_of_not_ssubset';LE.le.eq_of_not_ssuperset
strict_zero	sup_eq_right	20	1	0	theorem	Mathlib.Order.Lattice	Disjoint.right_lt_sup_of_left_ne_bot;Monotone.of_le_map_sup;Monotone.of_left_le_map_sup;Monotone.of_map_sup;MonotoneOn.of_map_sup
strict_zero	AddMonoid.ext	19	2	0	theorem	Mathlib.Algebra.Group.Ext	AddCancelMonoid.ext;AddCancelMonoid.ext_iff;AddCancelMonoid.toAddRightCancelMonoid_injective;AddCommMonoid.ext;AddCommMonoid.ext_iff
strict_zero	FunLike.coe_zero	19	3	0	theorem	Mathlib.Data.FunLike.IsApply	AddGroupSeminorm.coe_zero;ContDiffMapSupportedIn.coe_zero;ContinuousLinearMap.coe_zero';CuspForm.coe_zero;FunLike.coe_zero
strict_zero	LE.le.eq_or_lt'	19	7	0	theorem	Mathlib.Order.Basic	DirectedOn.csInf_eq_of_forall_ge_of_forall_gt_exists_lt;HasSubset.Subset.eq_of_not_ssuperset;LE.le.eq_of_not_lt';LE.le.eq_of_not_ssubset';LE.le.eq_of_not_ssuperset
strict_zero	MulOpposite.unop_bijective	19	2	0	theorem	Mathlib.Algebra.Opposites	MulOpposite.instIsCancelAdd;MulOpposite.instIsCancelMulZero;MulOpposite.instIsCentralScalar;MulOpposite.instIsLeftCancelAdd;MulOpposite.instIsLeftCancelMulZeroOfIsRightCancelMulZero
strict_zero	Nat.mul_assoc	19	1	0	theorem	Init.Data.Nat.Basic	CharP.CharOne.subsingleton;CharP.cast_eq_zero;CharP.false_of_nontrivial_of_char_one;CharP.ofNat_eq_zero;IsPrimitiveRoot.of_subsingleton
strict_zero	Nat.mul_assoc._f	19	1	0	definition	Init.Data.Nat.Basic	CharP.CharOne.subsingleton;CharP.cast_eq_zero;CharP.false_of_nontrivial_of_char_one;CharP.ofNat_eq_zero;IsPrimitiveRoot.of_subsingleton
strict_zero	Set.image_eq_range	19	3	0	theorem	Mathlib.Data.Set.Image	CompleteSublattice.coe_sInf';CompleteSublattice.coe_sSup';DirectedOn.ciInf_set_le;DirectedOn.isGLB_ciInf_set;DirectedOn.isLUB_ciSup_set
strict_zero	isUnit_iff_dvd_one	19	1	0	theorem	Mathlib.Algebra.Divisibility.Units	Irreducible.not_dvd_isUnit;Irreducible.not_dvd_one;Irreducible.not_dvd_unit;IsUnit.isRelPrime_left;IsUnit.isRelPrime_right
strict_zero	AddLECancellable.le_add_tsub_swap	18	1	0	theorem	Mathlib.Algebra.Order.Sub.Defs	AddLECancellable.add_tsub_cancel_left;AddLECancellable.add_tsub_cancel_right;AddLECancellable.eq_tsub_of_add_eq;AddLECancellable.eq_tsub_of_add_eq';AddLECancellable.le_add_tsub
strict_zero	Function.Semiconj.iterate_right	18	1	0	theorem	Mathlib.Logic.Function.Iterate	Function.Commute.iterate_iterate;Function.Commute.iterate_iterate_self;Function.Commute.iterate_left;Function.Commute.iterate_right;Function.Commute.iterate_self
strict_zero	Nat.add_sub_of_le	18	1	0	theorem	Init.Data.Nat.Basic	Nat.choose_eq_choose_pred_add;Nat.choose_succ_left;Nat.choose_succ_right;Nat.instCanonicallyOrderedAdd;Nat.mul_factorial_pred
strict_zero	Stream'.ext	18	2	0	theorem	Mathlib.Data.Stream.Init	Stream'.Seq.coinduction;Stream'.coinduction;Stream'.cons_injective2;Stream'.cons_injective_left;Stream'.cons_injective_right
strict_zero	MulOpposite.unop_injective	17	2	0	theorem	Mathlib.Algebra.Opposites	MulOpposite.instIsCancelAdd;MulOpposite.instIsCancelMulZero;MulOpposite.instIsCentralScalar;MulOpposite.instIsLeftCancelAdd;MulOpposite.instIsLeftCancelMulZeroOfIsRightCancelMulZero
strict_zero	Set.ext_iff	17	3	0	theorem	Mathlib.Data.Set.Defs	LieRinehartSubalgebra.ext_iff';LieSubalgebra.ext_iff';LowerSet.Iic_inj;LowerSet.Iic_injective;LowerSet.Iic_ne_Iic
strict_zero	Set.range_eq_singleton_iff	17	3	0	theorem	Mathlib.Data.Set.Image	Set.range_const;Set.range_eq_singleton;Set.range_eq_singleton_iff;Set.range_one;Set.range_zero
strict_zero	Std.Trichotomous.rel_or_eq_or_rel_swap	17	7	0	theorem	Init.Data.Order.Lemmas	List.Lex.isOrderConnected;Prod.total_right;Prod.trichotomous;RelEmbedding.isWellOrder;RelHom.injective_of_increasing
strict_zero	of_not_not	17	7	0	theorem	Mathlib.Logic.Basic	IsAntichain.antisymm;IsAntichain.eq;IsAntichain.eq';IsAntichain.maximal_mem_iff;IsAntichain.maximal_mem_lowerClosure_iff_mem
strict_zero	sup_eq_left	17	1	0	theorem	Mathlib.Order.Lattice	eq_top_of_bot_isCompl;eq_top_of_isCompl_bot;leOnePart_eq_inv';le_of_sup_eq';left_eq_sup
strict_zero	trichotomous	17	7	0	theorem	Mathlib.Order.Defs.Unbundled	List.Lex.isOrderConnected;Prod.total_right;Prod.trichotomous;RelEmbedding.isWellOrder;RelHom.injective_of_increasing
strict_zero	AddLECancellable.le_add_tsub	16	1	0	theorem	Mathlib.Algebra.Order.Sub.Defs	AddLECancellable.add_tsub_cancel_left;AddLECancellable.add_tsub_cancel_right;AddLECancellable.eq_tsub_of_add_eq;AddLECancellable.eq_tsub_of_add_eq';AddLECancellable.le_add_tsub
strict_zero	Classical.byContradiction	16	7	0	theorem	Init.Classical	CategoryTheory.mono_to_simple_zero_of_not_iso;Classical.by_contradiction;Filter.Frequently.exists;Filter.isBoundedUnder_le_mul_of_nonneg;Filter.le_limsup_of_frequently_le
strict_zero	Finite.of_injective	16	7	0	theorem	Mathlib.Data.Fintype.EquivFin	Finite.of_injective;Finite.psum_left;Finite.psum_right;Finite.sum_left;Finite.sum_right
choice_free	Classical.propDecidable	9540	7	0	definition	Init.Classical	AList.keys_erase;AList.keys_insert;AList.keys_subset_keys_of_entries_subset_entries;AList.lookup_eq_none;AList.lookup_erase
choice_free	lt_or_eq_of_le	1089	7	0	theorem	Mathlib.Order.Defs.PartialOrder	AbsoluteValue.map_prod;AddSubgroup.is_ascending_rev_series_of_is_descending;AddSubgroup.is_descending_rev_series_of_is_ascending;AddSubgroup.toAddSubmonoid_mono;AddValuation.map_le_sub
choice_free	Set.instCompleteAtomicBooleanAlgebra	1010	7	0	definition	Mathlib.Data.Set.BooleanAlgebra	AddAction.IsFixedBlock.isInvariantBlock;AddAction.IsInvariantBlock.isFixedBlock;AddAction.isInvariantBlock_iff_isFixedBlock;AddAction.mem_orbit_symm;AddAction.mem_orbit_vadd
choice_free	Classical.indefiniteDescription	901	4	0	definition	Init.Classical	Acc.induction_bot;Acc.induction_bot';Action.isIso_hom_mk;Action.isIso_of_hom_isIso;AddAction.IsPretransitive.of_embedding
choice_free	Classical.byContradiction	802	7	0	theorem	Init.Classical	Acc.list_chain';AddAction.is_two_pretransitive_iff;AddCancelCommMonoid.ext;AddCancelCommMonoid.ext_iff;AddCancelCommMonoid.toAddCommMonoid_injective
choice_free	eq_or_lt_of_le	586	7	0	theorem	Mathlib.Order.Basic	AddSubgroup.toAddSubmonoid_mono;AddValuation.map_le_sub;AddValuation.map_neg;AddValuation.map_sub;AddValuation.map_sub_swap
choice_free	LE.le.eq_or_lt	559	7	0	theorem	Mathlib.Order.Basic	AddSubgroup.toAddSubmonoid_mono;AddValuation.map_le_sub;AddValuation.map_neg;AddValuation.map_sub;AddValuation.map_sub_swap
choice_free	LE.le.lt_or_eq	355	7	0	theorem	Mathlib.Order.Basic	AddSubgroup.is_ascending_rev_series_of_is_descending;AddSubgroup.is_descending_rev_series_of_is_ascending;Antivary.inv;Antivary.inv_right;Antivary.neg
choice_free	contravariant_le_iff_contravariant_lt_and_eq	351	7	0	theorem	Mathlib.Algebra.Order.Monoid.Unbundled.Defs	AddSubgroup.is_ascending_rev_series_of_is_descending;AddSubgroup.is_descending_rev_series_of_is_ascending;Antivary.inv;Antivary.inv_right;Antivary.neg
choice_free	Classical.em	261	7	0	theorem	Init.Classical	Acc.induction_bot;Acc.induction_bot';AddChar.zmodChar_primitive_of_primitive_root;AddSubgroup.ker_saturated;AddSubmonoid.ker_saturated
choice_free	_private.Mathlib.Algebra.Group.Hom.Defs.0.map_sub'._proof_1_2	231	7	0	theorem	Mathlib.Algebra.Group.Hom.Defs	AddEquiv.map_sub;AddMonoidHom.bijective_of_bijective_of_injective_of_left_exact;AddMonoidHom.bijective_of_surjective_of_bijective_of_bijective_of_injective;AddMonoidHom.comp_sub;AddMonoidHom.map_div₂
choice_free	map_sub'	231	7	0	theorem	Mathlib.Algebra.Group.Hom.Defs	AddEquiv.map_sub;AddMonoidHom.bijective_of_bijective_of_injective_of_left_exact;AddMonoidHom.bijective_of_surjective_of_bijective_of_bijective_of_injective;AddMonoidHom.comp_sub;AddMonoidHom.map_div₂
choice_free	map_sub	229	7	0	theorem	Mathlib.Algebra.Group.Hom.Defs	AddEquiv.map_sub;AddMonoidHom.bijective_of_bijective_of_injective_of_left_exact;AddMonoidHom.bijective_of_surjective_of_bijective_of_bijective_of_injective;AddMonoidHom.comp_sub;AddMonoidHom.map_div₂
choice_free	em	182	7	0	theorem	Mathlib.Logic.Basic	Acc.induction_bot;Acc.induction_bot';AddSubgroup.ker_saturated;AddSubmonoid.ker_saturated;AffineMap.lineMap_eq_left_iff
choice_free	GroupWithZero.toDivisionMonoid	171	7	0	definition	Mathlib.Algebra.GroupWithZero.Basic	AddChar.IsPrimitive.of_ne_one;AddCommGroup.div_modEq_div;AddCommGroup.mul_modEq_mul_left;AddCommGroup.mul_modEq_mul_right;AddValuation.ne_top_iff
choice_free	List.perm_ext_iff_of_nodup	169	7	0	theorem	Init.Data.List.Perm	AddChar.coe_prod;AddChar.coe_sum;AddChar.prod_apply;AddChar.sum_apply;AddSubgroup.pi_mem_of_single_mem
choice_free	Multiset.Nodup.ext	162	7	3	theorem	Mathlib.Data.Multiset.Defs	AddChar.coe_prod;AddChar.coe_sum;AddChar.prod_apply;AddChar.sum_apply;AddSubgroup.pi_mem_of_single_mem
choice_free	Set.forall_mem_image2	161	7	0	theorem	Mathlib.Data.Set.NAry	AddSubgroup.add_subset;AddSubgroup.nsmul_subset;AddSubmonoid.add_subset;AddSubmonoid.add_subset_closure;AddSubmonoid.nsmul_subset
choice_free	_private.Mathlib.Data.Set.NAry.0.Set.forall_mem_image2._proof_1_1	161	7	0	theorem	Mathlib.Data.Set.NAry	AddSubgroup.add_subset;AddSubgroup.nsmul_subset;AddSubmonoid.add_subset;AddSubmonoid.add_subset_closure;AddSubmonoid.nsmul_subset
choice_free	Finset.instSetLike	160	7	3	definition	Mathlib.Data.Finset.Defs	AddChar.coe_prod;AddChar.coe_sum;AddChar.prod_apply;AddChar.sum_apply;AddSubgroup.pi_mem_of_single_mem
choice_free	Finset.instSetLike._proof_1	160	7	3	theorem	Mathlib.Data.Finset.Defs	AddChar.coe_prod;AddChar.coe_sum;AddChar.prod_apply;AddChar.sum_apply;AddSubgroup.pi_mem_of_single_mem
choice_free	Classical.not_not	157	7	0	theorem	Init.Classical	AbsoluteValue.not_isNontrivial_apply;AbsoluteValue.not_isNontrivial_iff;AddChar.to_mulShift_inj_of_isPrimitive;Algebra.Norm.Transitivity.auxMat_toSquareBlock_eq;ConvexCone.pointed_iff_not_blunt
choice_free	eq_or_ne	153	7	0	theorem	Mathlib.Logic.Basic	Acc.induction_bot;Acc.induction_bot';AddSubgroup.ker_saturated;AddSubmonoid.ker_saturated;AffineMap.lineMap_eq_left_iff
choice_free	Set.image_univ	138	7	0	theorem	Mathlib.Data.Set.Image	AddAction.IsTrivialBlock.image;AddCommGrpCat.ker_eq_bot_of_mono;AddGrpCat.ker_eq_bot_of_mono;AddMonoidHom.ker_eq_bot_of_cancel;AddSubmonoid.map_equiv_top
choice_free	_private.Mathlib.Data.Set.Image.0.Set.image_univ._proof_1_1	138	7	0	theorem	Mathlib.Data.Set.Image	AddAction.IsTrivialBlock.image;AddCommGrpCat.ker_eq_bot_of_mono;AddGrpCat.ker_eq_bot_of_mono;AddMonoidHom.ker_eq_bot_of_cancel;AddSubmonoid.map_equiv_top
choice_free	Filter.comap	137	7	0	definition	Mathlib.Order.Filter.Defs	ClusterPt.map;ContinuousAt.mapClusterPt;ContinuousOn.comp_inter;ContinuousOn.congr;ContinuousOn.congr_mono
choice_free	Filter.comap._proof_2	137	7	0	theorem	Mathlib.Order.Filter.Defs	ClusterPt.map;ContinuousAt.mapClusterPt;ContinuousOn.comp_inter;ContinuousOn.congr;ContinuousOn.congr_mono
choice_free	by_contradiction	137	7	0	theorem	Mathlib.Logic.Basic	Antivary.add_right;Antivary.div_right;Antivary.mul_right;Antivary.sub_right;AntivaryOn.add_right
choice_free	by_contra	129	7	0	theorem	Mathlib.Logic.Basic	Antivary.add_right;Antivary.div_right;Antivary.mul_right;Antivary.sub_right;AntivaryOn.add_right
choice_free	Classical.not_forall	121	7	0	theorem	Init.Classical	AddChar.IsPrimitive.compMulHom_of_isPrimitive;AddChar.coe_ne_zero;AddChar.ne_one_iff;AddChar.ne_zero_iff;AddMonoid.not_isTorsion_iff
choice_free	Nat.rel_of_forall_rel_succ_of_le_of_le	110	7	0	theorem	Mathlib.Order.Monotone.Basic	Bound.le_self_pow_of_pos;Bound.pow_le_pow_right_of_le_one_or_one_le;ChevalleyThm.MvPolynomialC.degBound_le_degBound;ChevalleyThm.MvPolynomialC.numBound_mono;Commute.pow_add_mul_le_add_pow
choice_free	Nat.rel_of_forall_rel_succ_of_le	105	7	0	theorem	Mathlib.Order.Monotone.Basic	Bound.le_self_pow_of_pos;Bound.pow_le_pow_right_of_le_one_or_one_le;ChevalleyThm.MvPolynomialC.degBound_le_degBound;ChevalleyThm.MvPolynomialC.numBound_mono;Commute.pow_add_mul_le_add_pow
choice_free	monotone_nat_of_le_succ	104	7	0	theorem	Mathlib.Order.Monotone.Basic	Bound.le_self_pow_of_pos;Bound.pow_le_pow_right_of_le_one_or_one_le;ChevalleyThm.MvPolynomialC.degBound_le_degBound;ChevalleyThm.MvPolynomialC.numBound_mono;Commute.pow_add_mul_le_add_pow
choice_free	AddSubmonoid.instCompleteLattice	94	7	0	definition	Mathlib.Algebra.Group.Submonoid.Basic	AddMonoidHom.eqOn_closureM;AddMonoidHom.eq_of_eqOn_denseM;AddMonoidHom.mclosure_preimage_le;AddSubgroup.prod_eq_bot_iff;AddSubmonoid.closure_closure_coe_preimage
choice_free	AddSubmonoid.instCompleteLattice._proof_1	94	7	3	theorem	Mathlib.Algebra.Group.Submonoid.Basic	AddMonoidHom.eqOn_closureM;AddMonoidHom.eq_of_eqOn_denseM;AddMonoidHom.mclosure_preimage_le;AddSubgroup.prod_eq_bot_iff;AddSubmonoid.closure_closure_coe_preimage
choice_free	IsLeftCancelAdd.addLeftReflectLE_of_addLeftReflectLT	84	7	0	theorem	Mathlib.Algebra.Order.Monoid.Unbundled.Defs	AddSubgroup.is_ascending_rev_series_of_is_descending;AddSubgroup.is_descending_rev_series_of_is_ascending;Birkhoff_inequalities;ENat.WithBot.add_natCast_cancel;ENat.WithBot.add_ofNat_cancel
choice_free	Int.natCast_eq_zero	82	7	0	theorem	Init.Data.Int.DivMod.Lemmas	AddSubgroup.saturated_iff_zsmul;CharP.intCast_eq_intCast;CharP.intCast_eq_intCast_mod;CharP.intCast_eq_zero_iff;CharP.ker_intAlgebraMap_eq_span
choice_free	_private.Init.Data.Int.DivMod.Lemmas.0.Int.natCast_eq_zero._proof_1_1	82	7	0	theorem	Init.Data.Int.DivMod.Lemmas	AddSubgroup.saturated_iff_zsmul;CharP.intCast_eq_intCast;CharP.intCast_eq_intCast_mod;CharP.intCast_eq_zero_iff;CharP.ker_intAlgebraMap_eq_span
choice_free	Filter.map_mono	81	7	3	theorem	Mathlib.Order.Filter.Map	ContinuousOn.comp_inter;ContinuousOn.congr;ContinuousOn.congr_mono;ContinuousOn.mono;ContinuousWithinAt.comp_inter
choice_free	IsUnit.unit	81	4	0	definition	Mathlib.Algebra.Group.Units.Defs	AddChar.mulShift_unit_eq_one_iff;AlgHom.isLocalRing_pullback;AlgHom.isUnit_pullback_mk_iff;ComplexShape.ε₁_ε₂;Int.IsUnit.natAbs_eq
choice_free	Int.natCast_eq_zero._simp_1	78	7	0	theorem	Init.Data.Int.DivMod.Lemmas	CharP.intCast_eq_intCast;CharP.intCast_eq_intCast_mod;CharP.intCast_eq_zero_iff;CharP.ker_intAlgebraMap_eq_span;EisensteinSeries.mem_gammaSet_one
choice_free	Int.natCast_dvd_natCast	76	7	0	theorem	Init.Data.Int.DivMod.Lemmas	CharP.intCast_eq_intCast;CharP.intCast_eq_intCast_mod;CharP.intCast_eq_zero_iff;CharP.ker_intAlgebraMap_eq_span;EisensteinSeries.mem_gammaSet_one
choice_free	IsStrictOrderedRing.toIsOrderedRing	76	7	0	theorem	Mathlib.Algebra.Order.Ring.Defs	Antivary.mul_right₀;Antivary.pow_right₀;AntivaryOn.mul_right₀;AntivaryOn.pow_right₀;CauSeq.bounded
choice_free	Function.Injective.mem_set_image	74	7	0	theorem	Mathlib.Data.Set.Image	AddAction.mem_stabilizer_set;AddAction.stabilizer_addSubgroup;AddAction.stabilizer_addSubgroup_op;AddAction.stabilizer_op_addSubgroup;AddAction.stabilizer_subset_sub_right
choice_free	_private.Mathlib.Data.Set.Image.0.Function.Injective.mem_set_image._proof_1_3	74	7	0	theorem	Mathlib.Data.Set.Image	AddAction.mem_stabilizer_set;AddAction.stabilizer_addSubgroup;AddAction.stabilizer_addSubgroup_op;AddAction.stabilizer_op_addSubgroup;AddAction.stabilizer_subset_sub_right
choice_free	and_forall_ne	73	7	0	theorem	Mathlib.Logic.Basic	DFinsupp.single_le_single;DFinsupp.single_mono;DFinsupp.single_nonneg;DFinsupp.single_nonpos;DFinsupp.single_zero
choice_free	Function.forall_update_iff	72	7	0	theorem	Mathlib.Logic.Function.Basic	DFinsupp.single_le_single;DFinsupp.single_mono;DFinsupp.single_nonneg;DFinsupp.single_nonpos;DFinsupp.single_zero
choice_free	Set.image_preimage_eq_inter_range	72	7	0	theorem	Mathlib.Data.Set.Image	Fin.image_castAdd_Icc;Fin.image_castAdd_Ici;Fin.image_castAdd_Ico;Fin.image_castAdd_Iio;Fin.image_castAdd_Ioc
choice_free	_private.Mathlib.Data.Set.Image.0.Set.image_preimage_eq_inter_range._proof_1_1	72	7	0	theorem	Mathlib.Data.Set.Image	Fin.image_castAdd_Icc;Fin.image_castAdd_Ici;Fin.image_castAdd_Ico;Fin.image_castAdd_Iio;Fin.image_castAdd_Ioc
choice_free	AddSubmonoid.closure_le	70	7	3	theorem	Mathlib.Algebra.Group.Submonoid.Basic	AddMonoidHom.eqOn_closureM;AddMonoidHom.eq_of_eqOn_denseM;AddMonoidHom.mclosure_preimage_le;AddSubmonoid.closure_eq_of_le;AddSubmonoid.closure_induction
choice_free	Set.image_mono	70	7	0	theorem	Mathlib.Data.Set.Image	AddSubgroup.map_mono;AffineSubspace.map_mono;Ideal.comap_le_iff_le_map;Ideal.comap_map_of_bijective;Ideal.homogeneousCore'_mono
choice_free	_private.Mathlib.Data.Set.Image.0.Set.image_mono._proof_1_1	70	7	0	theorem	Mathlib.Data.Set.Image	AddSubgroup.map_mono;AffineSubspace.map_mono;Ideal.comap_le_iff_le_map;Ideal.comap_map_of_bijective;Ideal.homogeneousCore'_mono
choice_free	Equiv.eq_symm_apply	69	7	2	theorem	Mathlib.Logic.Equiv.Defs	AddCon.comap_addConGen_equiv;AddConstEquiv.eq_symm_apply;AddEquiv.apply_eq_iff_symm_apply;AddEquiv.eq_symm_apply;AddSubgroup.val_mem_ofAddUnits_iff_mem
choice_free	Filter.mem_inf_principal	69	7	3	theorem	Mathlib.Order.Filter.Basic	ContinuousWithinAt.congr_set;Convex.eventually_nhdsWithin_segment;Filter.EventuallyEq.mem_interior;Filter.EventuallyEq.mem_interior_iff;Filter.Frequently.inf_principal
choice_free	_private.Mathlib.Logic.Equiv.Defs.0.Equiv.eq_symm_apply._proof_1_2	69	7	2	theorem	Mathlib.Logic.Equiv.Defs	AddCon.comap_addConGen_equiv;AddConstEquiv.eq_symm_apply;AddEquiv.apply_eq_iff_symm_apply;AddEquiv.eq_symm_apply;AddSubgroup.val_mem_ofAddUnits_iff_mem
choice_free	Submodule.completeLattice	67	7	0	definition	Mathlib.Algebra.Module.Submodule.Lattice	Ideal.comap_iInf;Ideal.comap_jacobson;Ideal.comap_sInf;Ideal.comap_sInf';Ideal.map_iInf_comap_of_surjective
choice_free	Mathlib.Tactic.Contrapose.contrapose₁	65	7	0	theorem	Mathlib.Tactic.Contrapose	Antivary.add_right;Antivary.div_right;Antivary.mul_right;Antivary.sub_right;AntivaryOn.add_right
choice_free	Classical.or_iff_not_imp_left	64	7	0	theorem	Init.Classical	CategoryTheory.ObjectProperty.pair_iff;DyckStep.dichotomy;FirstOrder.Language.BoundedFormula.realize_foldr_sup;FirstOrder.Language.BoundedFormula.realize_sup;FirstOrder.Language.Formula.realize_sup
choice_free	Fin.castSucc_lt_or_lt_succ	63	7	0	theorem	Mathlib.Data.Fin.SuccPred	Fin.castSucc_lt_or_lt_succ;Fin.cons_comp_rev;Fin.cons_rev;Fin.eq_insertNth_iff;Fin.exists_succAbove_eq_iff
choice_free	Subgroup.instCompleteLattice	63	7	0	definition	Mathlib.Algebra.Group.Subgroup.Lattice	AddChar.injective_iff;IsPGroup.to_inf_left;IsPGroup.to_inf_right;MonoidHom.ker_comp_of_injective;MonoidHom.ker_eq_bot
choice_free	_private.Mathlib.Data.Fin.SuccPred.0.Fin.castSucc_lt_or_lt_succ._proof_1_2	63	7	0	theorem	Mathlib.Data.Fin.SuccPred	Fin.castSucc_lt_or_lt_succ;Fin.cons_comp_rev;Fin.cons_rev;Fin.eq_insertNth_iff;Fin.exists_succAbove_eq_iff
choice_free	subset_interior_iff_isOpen	63	7	0	theorem	Mathlib.Topology.Closure	AddSubgroup.isOpen_mono;AddSubgroup.isOpen_of_mem_nhds;AddSubgroup.isOpen_of_openAddSubgroup;AddSubgroup.isOpen_of_zero_mem_interior;CompHausLike.mono_iff_injective
choice_free	Set.image_singleton	62	7	0	theorem	Mathlib.Data.Set.Image	AddAction.stabilizer_singleton;AddSubmonoid.neg_bot;MulAction.stabilizer_singleton;NonUnitalStarSubalgebra.map_injective;NonUnitalSubalgebra.map_injective
choice_free	_private.Mathlib.Data.Set.Image.0.Set.image_singleton._proof_1_1	62	7	0	theorem	Mathlib.Data.Set.Image	AddAction.stabilizer_singleton;AddSubmonoid.neg_bot;MulAction.stabilizer_singleton;NonUnitalStarSubalgebra.map_injective;NonUnitalSubalgebra.map_injective
choice_free	not_iff_not	62	7	0	theorem	Mathlib.Logic.Basic	Fin.castPred_le_pred_iff;Fin.lt_succ_castPred;Fin.lt_succ_castPred_iff;Fin.succ_castPred_le_iff;Fin.succ_ne_last_iff
choice_free	Classical.ofNonempty	61	4	0	definition	Init.Prelude	AddTorsor.subsingleton_iff;AffineMap.ext_linear_iff;BddAbove.range_comp_of_nonneg;Cardinal.lift_one;Cardinal.mk_eq_one
choice_free	Nat.mono_cast	60	7	0	theorem	Mathlib.Data.Nat.Cast.Order.Basic	Commute.pow_add_mul_le_add_pow;Commute.pow_add_mul_le_add_pow_of_sq_nonneg;ENat.map_natCast_inj;ENat.map_natCast_injective;ENat.map_natCast_strictMono
choice_free	Set.image2_subset_iff	59	7	0	theorem	Mathlib.Data.Set.NAry	AddSubgroup.add_subset;AddSubmonoid.add_subset;AddSubmonoid.add_subset_closure;Filter.mem_seq_iff;Set.add_iInter_subset
choice_free	AddSubgroup.instCompleteLattice	57	7	1	definition	Mathlib.Algebra.Group.Subgroup.Lattice	AddCommGroup.smul_top_eq_top_of_divisibleBy_int;AddMonoidHom.ker_addEquiv_comp;AddMonoidHom.ker_comp_of_injective;AddMonoidHom.ker_eq_bot;AddMonoidHom.ker_eq_bot_iff
choice_free	Equiv.symm_apply_eq	57	7	2	theorem	Mathlib.Logic.Equiv.Defs	AddConstEquiv.symm_apply_eq;AddEquiv.symm_apply_eq;AlgEquiv.symm_apply_eq;CategoryTheory.Adjunction.CoreHomEquiv.homEquiv_naturality_right_symm;Coalgebra.coassoc_symm
choice_free	_private.Mathlib.Logic.Equiv.Defs.0.Equiv.symm_apply_eq._proof_1_2	57	7	2	theorem	Mathlib.Logic.Equiv.Defs	AddConstEquiv.symm_apply_eq;AddEquiv.symm_apply_eq;AlgEquiv.symm_apply_eq;CategoryTheory.Adjunction.CoreHomEquiv.homEquiv_naturality_right_symm;Coalgebra.coassoc_symm
choice_free	Lean.Elab.Tactic.nonempty_to_inhabited	56	4	0	definition	Mathlib.Tactic.Inhabit	AddTorsor.subsingleton_iff;AffineMap.ext_linear_iff;Cardinal.lift_one;Cardinal.mk_eq_one;Cardinal.mk_option
choice_free	Set.eq_empty_or_nonempty	55	7	0	theorem	Mathlib.Data.Set.Basic	Filter.HasBasis.clusterPt_iff;Filter.HasBasis.inf_basis_neBot_iff;Filter.HasBasis.inf_neBot_iff;Filter.HasBasis.neBot_iff;Filter.NeBot.nonempty_of_mem
choice_free	Classical.or_iff_not_imp_right	54	7	0	theorem	Init.Classical	Associates.FactorSet.prod_eq_zero_iff;Associates.instNoZeroDivisors;DivisorChain.exists_chain_of_prime_pow;FermatLastTheoremWith'.fermatLastTheoremWith;Int.bitwise_bit
choice_free	Submonoid.instCompleteLattice	54	7	0	definition	Mathlib.Algebra.Group.Submonoid.Basic	FreeMonoid.closure_range_of;IsLocalization.map_nonZeroDivisors_le;IsLocalization.nonZeroDivisors_le_comap;MonoidHom.eqOn_closureM;MonoidHom.eq_of_eqOn_denseM
choice_free	Submonoid.instCompleteLattice._proof_1	54	7	3	theorem	Mathlib.Algebra.Group.Submonoid.Basic	FreeMonoid.closure_range_of;IsLocalization.map_nonZeroDivisors_le;IsLocalization.nonZeroDivisors_le_comap;MonoidHom.eqOn_closureM;MonoidHom.eq_of_eqOn_denseM
choice_free	List.eq_nil_iff_forall_not_mem	53	7	0	theorem	Init.Data.List.Lemmas	Disjoint.notMem_of_mem_left_multiset;Disjoint.notMem_of_mem_right_multiset;List.Disjoint.inter_eq_nil;List.inter_eq_nil_iff_disjoint;List.range_bind_sublistsLen_perm
choice_free	Homeomorph.isOpen_preimage	51	7	2	theorem	Mathlib.Topology.Homeomorph.Defs	ContinuousAlgEquiv.isClosed_image;ContinuousAlgEquiv.isOpenMap;ContinuousLinearEquiv.isClosed_image;ContinuousLinearEquiv.isHomeomorph;ContinuousLinearEquiv.isOpenMap
choice_free	Set.image_preimage_eq	49	7	0	theorem	Mathlib.Data.Set.Image	BddAbove.inv;BddAbove.neg;BddBelow.inv;BddBelow.neg;ContinuousAffineEquiv.image_preimage
choice_free	_private.Mathlib.Data.Set.Image.0.Set.image_preimage_eq._proof_1_3	49	7	0	theorem	Mathlib.Data.Set.Image	BddAbove.inv;BddAbove.neg;BddBelow.inv;BddBelow.neg;ContinuousAffineEquiv.image_preimage
choice_free	not_and_or	47	7	0	theorem	Mathlib.Logic.Basic	Cardinal.noZeroDivisors;Filter.frequently_or_distrib;Filter.frequently_sup;Filter.neBot_sup_of_left;Filter.neBot_sup_of_right
choice_free	Nonempty.some	46	4	0	definition	Mathlib.Logic.Nonempty	CategoryTheory.Arrow.hasLiftingProperty_iff;CategoryTheory.EffectiveEpiFamily.hom_ext;CategoryTheory.EffectiveEpiFamily.reindex;CategoryTheory.HasLiftingProperty.of_comp_left;CategoryTheory.HasLiftingProperty.of_comp_right
choice_free	Set.pairwise_union	46	7	0	theorem	Mathlib.Data.Set.Pairwise.Basic	Flag.bot_mem;Flag.top_mem;IsAntichain.insert;IsAntichain.insert_of_symm;IsAntichain.insert_of_symmetric
choice_free	_private.Mathlib.Data.Set.Pairwise.Basic.0.Set.pairwise_union._proof_1_2	46	7	0	theorem	Mathlib.Data.Set.Pairwise.Basic	Flag.bot_mem;Flag.top_mem;IsAntichain.insert;IsAntichain.insert_of_symm;IsAntichain.insert_of_symmetric
choice_free	of_not_not	46	7	0	theorem	Mathlib.Logic.Basic	IsAntichain.antisymm;IsAntichain.bot_mem_iff;IsAntichain.eq;IsAntichain.eq';IsAntichain.eq_setOfPred_maximal
choice_free	CategoryTheory.Iso.symm	45	7	0	definition	Mathlib.CategoryTheory.Iso	CategoryTheory.BraidedCategory.braiding_inv_naturality;CategoryTheory.BraidedCategory.braiding_inv_naturality_assoc;CategoryTheory.BraidedCategory.braiding_inv_naturality_left;CategoryTheory.BraidedCategory.braiding_inv_naturality_left_assoc;CategoryTheory.BraidedCategory.braiding_inv_naturality_right
choice_free	FreeAlgebra.lift._proof_4	45	7	3	theorem	Mathlib.Algebra.FreeAlgebra	CliffordAlgebra.hom_ext;CliffordAlgebra.hom_ext_iff;CliffordAlgebra.induction;ExteriorAlgebra.algebraMap_eq_one_iff;ExteriorAlgebra.algebraMap_eq_zero_iff
choice_free	Function.Surjective.image_preimage	45	7	0	theorem	Mathlib.Data.Set.Image	BddAbove.inv;BddAbove.neg;BddBelow.inv;BddBelow.neg;ContinuousAffineEquiv.image_preimage
choice_free	Finite.Set.finite_sep	44	7	0	theorem	Mathlib.Data.Set.Finite.Basic	Finite.Set.finite_inter_of_left;Finite.Set.finite_inter_of_right;Finite.Set.finite_sep;Finite.Set.subset;Function.HasFiniteMulSupport.comp
choice_free	Std.Trichotomous.rel_or_eq_or_rel_swap	44	7	0	theorem	Init.Data.Order.Lemmas	InitialSeg.eq;InitialSeg.eq_principalSeg;InitialSeg.eq_relIso;InitialSeg.instSubsingletonOfIsWellOrder;InitialSeg.subsingleton_of_trichotomous_of_irrefl
choice_free	Subtype.range_coe	44	7	0	theorem	Mathlib.Data.Set.Image	Dense.denseRange_val;DirectedOn.convex_sUnion;Function.Exact.iff_rangeFactorization;Function.Exact.rangeFactorization;Function.MulExact.iff_rangeFactorization
choice_free	isOpen_iff_nhds	44	7	3	theorem	Mathlib.Topology.Neighborhoods	AddSubgroup.isOpen_mono;AddSubgroup.isOpen_of_mem_nhds;AddSubgroup.isOpen_of_openAddSubgroup;AddSubgroup.isOpen_of_zero_mem_interior;CompHausLike.mono_iff_injective
choice_free	trichotomous	44	7	0	theorem	Mathlib.Order.Defs.Unbundled	InitialSeg.eq;InitialSeg.eq_principalSeg;InitialSeg.eq_relIso;InitialSeg.instSubsingletonOfIsWellOrder;InitialSeg.subsingleton_of_trichotomous_of_irrefl
choice_free	CategoryTheory.asIso	43	4	0	definition	Mathlib.CategoryTheory.Iso	Action.isIso_hom_mk;Action.isIso_of_hom_isIso;AddCommGrpCat.forget_reflects_isos;AddCommMonCat.forget_reflects_isos;AddGrpCat.forget_reflects_isos
choice_free	Finite.Set.subset	43	7	0	theorem	Mathlib.Data.Set.Finite.Basic	Finite.Set.finite_inter_of_left;Finite.Set.finite_inter_of_right;Finite.Set.subset;Function.HasFiniteMulSupport.comp;Function.HasFiniteMulSupport.fst
choice_free	Subtype.image_preimage_coe	43	7	0	theorem	Mathlib.Data.Set.Image	AddSubgroup.addSubgroupOf_map_subtype;AddSubgroup.inertia_map_subtype;Set.eq_of_preimage_val_eq_of_subset;Set.image_subtype_val_Icc_Ici;Set.image_subtype_val_Icc_Iic
choice_free	not_isMax_iff	43	7	0	theorem	Mathlib.Order.Max	ENat.succ_coe;ENat.succ_natCast;Nat.multinomial_empty;Order.Icc_subset_Ico_succ_right;Order.Icc_succ_left
choice_free	smul_eq_zero	43	7	0	theorem	Mathlib.Algebra.Module.Torsion.Free	AffineMap.lineMap_eq_left_iff;AffineMap.lineMap_eq_lineMap_iff;AffineMap.lineMap_eq_right_iff;AffineMap.lineMap_injective;Function.support_smul
choice_free	specializes_TFAE	43	7	3	theorem	Mathlib.Topology.Inseparable	Filter.HasBasis.specializes_iff;Inseparable.mem_closed_iff;Inseparable.mem_open_iff;IsClosed.not_inseparable;IsClosed.not_specializes
choice_free	Function.bijective_iff_has_inverse	42	4	0	theorem	Mathlib.Logic.Function.Basic	AddAction.IsPretransitive.of_embedding_congr;AddEquiv.mk_coe';AddEquiv.symm_bijective;AlgEquiv.mk_coe';AlgEquiv.symm_bijective
