policy	direct_dependency	theorem_count	dependency_class	module
strict_zero	eq_self	3193	1	Init.SimpLemmas
strict_zero	propext	2682	1	Init.Core
strict_zero	funext	1900	2	Init.Core
strict_zero	forall_congr	1689	2	Init.SimpLemmas
strict_zero	iff_self	1490	1	Init.SimpLemmas
strict_zero	Eq.propIntro	854	1	Init.Core
strict_zero	eq_true	541	1	Init.SimpLemmas
strict_zero	Set.ext	517	3	Mathlib.Data.Set.Defs
strict_zero	Set.instCompleteAtomicBooleanAlgebra	478	7	Mathlib.Data.Set.BooleanAlgebra
strict_zero	implies_true	392	1	Init.SimpLemmas
strict_zero	eq_false	373	1	Init.SimpLemmas
strict_zero	not_false_eq_true	369	1	Init.SimpLemmas
strict_zero	EquivLike.toFunLike	332	2	Mathlib.Data.FunLike.Equiv
strict_zero	SubtractionMonoid.toSubNegZeroMonoid	294	1	Mathlib.Algebra.Group.Basic
strict_zero	Classical.propDecidable	291	7	Init.Classical
strict_zero	true_and	276	1	Init.SimpLemmas
strict_zero	Set.instBooleanAlgebra	231	7	Mathlib.Order.BooleanAlgebra.Set
strict_zero	and_true	213	1	Init.SimpLemmas
strict_zero	and_self	198	1	Init.SimpLemmas
strict_zero	covariant_swap_add_of_covariant_add	162	3	Mathlib.Algebra.Order.Monoid.Unbundled.Defs
strict_zero	DivisionMonoid.toDivInvOneMonoid	159	1	Mathlib.Algebra.Group.Basic
strict_zero	BooleanAlgebra.toBiheytingAlgebra	152	7	Mathlib.Order.BooleanAlgebra.Basic
strict_zero	and_false	142	1	Init.SimpLemmas
strict_zero	Nat.instNeZeroSucc	137	1	Init.Data.Nat.Basic
strict_zero	Std.le_refl._simp_1	116	1	Init.Data.Order.Lemmas
strict_zero	or_false	114	1	Init.SimpLemmas
strict_zero	Nat.instAddMonoid	112	1	Mathlib.Algebra.Group.Nat.Defs
strict_zero	implies_congr_ctx	112	1	Init.SimpLemmas
strict_zero	Nat.instAddCommSemigroup	108	1	Mathlib.Algebra.Group.Nat.Defs
strict_zero	imp_self._simp_1	108	1	Init.Core
strict_zero	not_true_eq_false	104	1	Init.SimpLemmas
strict_zero	eq_false'	101	1	Init.SimpLemmas
strict_zero	Nat.instMulZeroClass	95	1	Mathlib.Algebra.GroupWithZero.Nat
strict_zero	Set.mem_singleton_iff._simp_1	95	1	Mathlib.Data.Set.Insert
strict_zero	IsLeftCancelAdd.addLeftReflectLE_of_addLeftReflectLT	93	7	Mathlib.Algebra.Order.Monoid.Unbundled.Defs
strict_zero	false_and	92	1	Init.SimpLemmas
strict_zero	Set.mem_univ._simp_1	90	1	Mathlib.Data.Set.Operations
strict_zero	Nat.instAddCommMonoid	88	1	Mathlib.Algebra.Group.Nat.Defs
strict_zero	eq_or_ne	87	7	Mathlib.Logic.Basic
strict_zero	DFunLike.ext	86	2	Mathlib.Data.FunLike.Basic
strict_zero	Set.image_congr	84	3	Mathlib.Data.Set.Image
strict_zero	false_or	84	1	Init.SimpLemmas
strict_zero	or_true	84	1	Init.SimpLemmas
strict_zero	forall_exists_index._simp_1	83	1	Init.PropLemmas
strict_zero	true_or	81	1	Init.SimpLemmas
strict_zero	CategoryTheory.Iso.inv_hom_id_assoc	80	2	Mathlib.CategoryTheory.Iso
strict_zero	Finset	77	3	Mathlib.Data.Finset.Defs
strict_zero	Finset.instSetLike	76	7	Mathlib.Data.Finset.Defs
strict_zero	Nat.instIsOrderedAddMonoid	76	1	Mathlib.Algebra.Order.Group.Nat
strict_zero	forall_const._simp_1	72	1	Init.PropLemmas
strict_zero	Classical.byContradiction	71	7	Init.Classical
strict_zero	Set.Finite.subset	71	7	Mathlib.Data.Set.Finite.Basic
strict_zero	List.not_mem_nil._simp_1	70	1	Init.Data.List.Lemmas
strict_zero	Nat.instCommSemiring	69	1	Mathlib.Algebra.Ring.Nat
strict_zero	Set.Subset.antisymm	69	3	Mathlib.Data.Set.Basic
strict_zero	addRightReflectLE_of_addLeftReflectLE	69	3	Mathlib.Algebra.Order.Monoid.Unbundled.Defs
strict_zero	IsEmpty.forall_iff._simp_1	68	1	Mathlib.Logic.IsEmpty.Defs
strict_zero	Prod.mk.injEq	68	1	Init.Core
strict_zero	List.mem_cons._simp_1	67	1	Init.Data.List.Lemmas
strict_zero	instDistribLatticeOfLinearOrder	66	1	Mathlib.Order.Lattice
strict_zero	or_self	66	1	Init.SimpLemmas
strict_zero	Set.mem_image._simp_1	62	1	Mathlib.Data.Set.Operations
strict_zero	exists_prop._simp_1	62	1	Init.PropLemmas
strict_zero	CategoryTheory.Iso.isIso_hom	61	1	Mathlib.CategoryTheory.Iso
strict_zero	Set.mem_range._simp_1	61	1	Mathlib.Data.Set.Operations
strict_zero	iSup_congr_Prop	61	3	Mathlib.Order.CompleteLattice.Basic
strict_zero	Int.instSemiring	60	1	Mathlib.Algebra.Ring.Int.Defs
strict_zero	Set.forall_mem_range	60	3	Mathlib.Data.Set.Image
strict_zero	Set.instDistribLattice	60	3	Mathlib.Data.Set.Basic
strict_zero	Set.mem_iUnion._simp_1	59	1	Mathlib.Order.SetNotation
strict_zero	ite_cond_eq_false	59	1	Init.SimpLemmas
strict_zero	sup_comm	59	1	Mathlib.Order.Lattice
strict_zero	CategoryTheory.inv	58	4	Mathlib.CategoryTheory.Iso
strict_zero	ite_cond_eq_true	58	1	Init.SimpLemmas
strict_zero	Set.mem_empty_iff_false._simp_1	56	1	Mathlib.Data.Set.Basic
strict_zero	and_imp._simp_1	54	1	Init.SimpLemmas
strict_zero	inf_comm	54	1	Mathlib.Order.Lattice
strict_zero	CategoryTheory.Iso.symm	53	7	Mathlib.CategoryTheory.Iso
strict_zero	Int.instAddGroup	53	1	Mathlib.Algebra.Group.Int.Defs
strict_zero	IsOrderedCancelAddMonoid.toAddLeftReflectLT	52	7	Mathlib.Algebra.Order.Monoid.Defs
strict_zero	Nat.add_left_cancel_iff._simp_1	51	1	Init.Data.Nat.Lemmas
strict_zero	Set.image_comp	51	3	Mathlib.Data.Set.Image
strict_zero	Classical.choose	50	4	Init.Classical
strict_zero	Classical.not_not	50	7	Init.Classical
strict_zero	GroupWithZero.toDivisionMonoid	50	7	Mathlib.Algebra.GroupWithZero.Basic
strict_zero	Mathlib.Tactic.Contrapose.contrapose₁	50	7	Mathlib.Tactic.Contrapose
strict_zero	Set.mem_preimage._simp_1	50	1	Mathlib.Data.Set.Operations
strict_zero	lt_self_iff_false._simp_1	50	1	Mathlib.Order.Basic
strict_zero	Fintype	49	7	Mathlib.Data.Fintype.Defs
strict_zero	Nat.instCanonicallyOrderedAdd	49	1	Mathlib.Algebra.Order.Group.Nat
strict_zero	Classical.choose_spec	48	4	Init.Classical
strict_zero	ConditionallyCompleteLinearOrder.toLinearOrder	48	7	Mathlib.Order.ConditionallyCompleteLattice.Basic
strict_zero	Classical.or_iff_not_imp_left	47	7	Init.Classical
strict_zero	Equiv.injective	47	2	Mathlib.Logic.Equiv.Defs
strict_zero	Int.instRing	47	1	Mathlib.Algebra.Ring.Int.Defs
strict_zero	subset_closure	47	7	Mathlib.Topology.Closure
strict_zero	Set.inter_comm	46	3	Mathlib.Data.Set.Basic
strict_zero	covariant_swap_mul_of_covariant_mul	46	3	Mathlib.Algebra.Order.Monoid.Unbundled.Defs
strict_zero	exists_false._simp_1	46	1	Init.PropLemmas
strict_zero	List.append_assoc	45	1	Init.Data.List.Basic
choice_free	Set.instCompleteAtomicBooleanAlgebra	790	7	Mathlib.Data.Set.BooleanAlgebra
choice_free	Classical.propDecidable	573	7	Init.Classical
choice_free	IsStrictOrderedRing.toIsOrderedRing	519	7	Mathlib.Algebra.Order.Ring.Defs
choice_free	Finset.instSetLike	387	7	Mathlib.Data.Finset.Defs
choice_free	Set.instBooleanAlgebra	314	7	Mathlib.Order.BooleanAlgebra.Set
choice_free	IsLeftCancelAdd.addLeftReflectLE_of_addLeftReflectLT	312	7	Mathlib.Algebra.Order.Monoid.Unbundled.Defs
choice_free	eq_or_ne	194	7	Mathlib.Logic.Basic
choice_free	BooleanAlgebra.toBiheytingAlgebra	188	7	Mathlib.Order.BooleanAlgebra.Basic
choice_free	GroupWithZero.toDivisionMonoid	166	7	Mathlib.Algebra.GroupWithZero.Basic
choice_free	PosMulReflectLE.toPosMulReflectLT	150	7	Mathlib.Algebra.Order.GroupWithZero.Basic
choice_free	Mathlib.Tactic.Contrapose.contrapose₁	149	7	Mathlib.Tactic.Contrapose
choice_free	Classical.choose	143	4	Init.Classical
choice_free	Classical.choose_spec	141	4	Init.Classical
choice_free	CommGroupWithZero.toDivisionCommMonoid	139	7	Mathlib.Algebra.GroupWithZero.Units.Basic
choice_free	Classical.byContradiction	136	7	Init.Classical
choice_free	IsStrictOrderedRing.toCharZero	135	7	Mathlib.Algebra.Order.Ring.Defs
choice_free	CompleteBooleanAlgebra.toCompleteDistribLattice	116	7	Mathlib.Order.CompleteBooleanAlgebra
choice_free	Fintype	109	7	Mathlib.Data.Fintype.Defs
choice_free	Set.Finite.subset	109	7	Mathlib.Data.Set.Finite.Basic
choice_free	OrderTopology.to_orderClosedTopology	108	7	Mathlib.Topology.Order.Basic
choice_free	subset_closure	102	7	Mathlib.Topology.Closure
choice_free	map_sub	101	7	Mathlib.Algebra.Group.Hom.Defs
choice_free	IsOrderedCancelAddMonoid.toAddLeftReflectLT	100	7	Mathlib.Algebra.Order.Monoid.Defs
choice_free	Submodule.completeLattice	100	7	Mathlib.Algebra.Module.Submodule.Lattice
choice_free	Fin.fintype	97	7	Mathlib.Data.Fintype.Basic
choice_free	IsDomain.to_noZeroDivisors	93	7	Mathlib.Algebra.Ring.Basic
choice_free	Finite.of_fintype	92	7	Mathlib.Data.Fintype.EquivFin
choice_free	ConditionallyCompleteLinearOrder.toLinearOrder	89	7	Mathlib.Order.ConditionallyCompleteLattice.Basic
choice_free	Mathlib.Tactic.Push.not_forall_eq	87	7	Mathlib.Tactic.Push
choice_free	CategoryTheory.inv	86	4	Mathlib.CategoryTheory.Iso
choice_free	Classical.or_iff_not_imp_left	85	7	Init.Classical
choice_free	Set.image_univ	84	7	Mathlib.Data.Set.Image
choice_free	CategoryTheory.Iso.symm	82	7	Mathlib.CategoryTheory.Iso
choice_free	Classical.not_not	78	7	Init.Classical
choice_free	Int.instIsStrictOrderedRing	76	7	Mathlib.Algebra.Order.Ring.Int
choice_free	Set.eq_empty_or_nonempty	76	7	Mathlib.Data.Set.Basic
choice_free	compl_compl	75	7	Mathlib.Order.BooleanAlgebra.Basic
choice_free	Cardinal.partialOrder	73	7	Mathlib.SetTheory.Cardinal.Order
choice_free	CategoryTheory.asIso	73	4	Mathlib.CategoryTheory.Iso
choice_free	LE.le.eq_or_lt	72	7	Mathlib.Order.Basic
choice_free	Classical.not_forall._simp_1	69	7	Init.Classical
choice_free	Classical.not_not._simp_1	69	7	Init.Classical
choice_free	Set.image_mono	67	7	Mathlib.Data.Set.Image
choice_free	isClosed_closure	67	7	Mathlib.Topology.Closure
choice_free	Exists.choose	65	4	Init.Classical
choice_free	Exists.choose_spec	63	4	Init.Classical
choice_free	Finset.univ	61	7	Mathlib.Data.Fintype.Defs
choice_free	FloorSemiring.instCharZero	61	7	Mathlib.Algebra.Order.Floor.Defs
choice_free	OrderDual.instConditionallyCompleteLinearOrder	61	7	Mathlib.Order.ConditionallyCompleteLattice.Basic
choice_free	Fintype.card	60	7	Mathlib.Data.Fintype.Card
choice_free	Subgroup.instCompleteLattice	60	7	Mathlib.Algebra.Group.Subgroup.Lattice
choice_free	closure_mono	60	7	Mathlib.Topology.Closure
choice_free	Classical.not_imp._simp_2	59	7	Mathlib.Tactic.Push
choice_free	not_iff_not	59	7	Mathlib.Logic.Basic
choice_free	Finset.sum_congr	57	7	Mathlib.Algebra.BigOperators.Group.Finset.Basic
choice_free	Classical.em	56	7	Init.Classical
choice_free	interior_subset	56	7	Mathlib.Topology.Closure
choice_free	isEmpty_or_nonempty	54	7	Mathlib.Logic.IsEmpty.Basic
choice_free	AddSubgroup.instCompleteLattice	52	7	Mathlib.Algebra.Group.Subgroup.Lattice
choice_free	Nonempty.some	52	4	Mathlib.Logic.Nonempty
choice_free	nonempty_fintype	51	7	Mathlib.Data.Fintype.Basic
choice_free	Filter.comap	50	7	Mathlib.Order.Filter.Defs
choice_free	IsStrictOrderedRing.noZeroDivisors	50	7	Mathlib.Algebra.Order.Ring.Defs
choice_free	MulPosReflectLE.toMulPosReflectLT	50	7	Mathlib.Algebra.Order.GroupWithZero.Basic
choice_free	StrictMono.monotone	49	7	Mathlib.Order.Monotone.Defs
choice_free	CategoryTheory.Iso.isIso_inv	48	7	Mathlib.CategoryTheory.Iso
choice_free	LieSubmodule.instCompleteLattice	47	7	Mathlib.Algebra.Lie.Submodule
choice_free	Cardinal.commSemiring	46	7	Mathlib.SetTheory.Cardinal.Order
choice_free	Classical.not_forall	46	7	Init.Classical
choice_free	IsClosed.closure_eq	46	7	Mathlib.Topology.Closure
choice_free	IsUnit.unit	46	4	Mathlib.Algebra.Group.Units.Defs
choice_free	Set.image_singleton	46	7	Mathlib.Data.Set.Image
choice_free	exists_ne	46	7	Mathlib.Logic.Nontrivial.Defs
choice_free	Classical.not_imp._simp_1	45	7	Init.Classical
choice_free	Classical.not_not._simp_2	44	7	Mathlib.Tactic.Push
choice_free	Fintype.ofFinite	44	7	Mathlib.Data.Fintype.EquivFin
choice_free	FloorRing.toFloorSemiring	44	7	Mathlib.Algebra.Order.Floor.Defs
choice_free	Set.Finite.image	44	7	Mathlib.Data.Set.Finite.Basic
choice_free	Set.sdiff_subset	43	7	Mathlib.Order.BooleanAlgebra.Set
choice_free	IsRightCancelAdd.addRightReflectLE_of_addRightReflectLT	42	7	Mathlib.Algebra.Order.Monoid.Unbundled.Defs
choice_free	em	42	7	Mathlib.Logic.Basic
choice_free	AddSubmonoid.instCompleteLattice	41	7	Mathlib.Algebra.Group.Submonoid.Basic
choice_free	Finset.range	41	7	Mathlib.Data.Finset.Range
choice_free	Submonoid.instCompleteLattice	41	7	Mathlib.Algebra.Group.Submonoid.Basic
choice_free	CategoryTheory.Iso.refl	40	7	Mathlib.CategoryTheory.Iso
choice_free	Mathlib.Tactic.Contrapose.contrapose₂	40	7	Mathlib.Tactic.Contrapose
choice_free	Classical.arbitrary	39	4	Mathlib.Logic.Nonempty
choice_free	LinearMap.range	39	7	Mathlib.Algebra.Module.Submodule.Range
choice_free	Int.instNeZeroOfNatOfNat	38	7	Init.Data.Int.DivMod.Lemmas
choice_free	IsLeftCancelMul.mulLeftReflectLE_of_mulLeftReflectLT	38	7	Mathlib.Algebra.Order.Monoid.Unbundled.Defs
choice_free	Set.nonempty_iff_ne_empty	38	7	Mathlib.Data.Set.Basic
choice_free	Set.image_preimage_eq_inter_range	37	7	Mathlib.Data.Set.Image
choice_free	CategoryTheory.Iso.trans	36	7	Mathlib.CategoryTheory.Iso
choice_free	Filter.atTop_neBot	36	7	Mathlib.Order.Filter.AtTopBot.Basic
choice_free	instClosedIciTopology	36	7	Mathlib.Topology.Order.OrderClosed
choice_free	not_isMax	35	7	Mathlib.Order.Max
choice_free	not_isMin	35	7	Mathlib.Order.Max
choice_free	Continuous.continuousOn	33	7	Mathlib.Topology.ContinuousOn
choice_free	Finite.of_injective	33	7	Mathlib.Data.Fintype.EquivFin
choice_free	Function.bijective_iff_has_inverse	33	4	Mathlib.Logic.Function.Basic
